X,Y,source_url,what3words,upstream,name,completeness,uuid,date_modified,source,version,type,physical-address
47.5310067,-18.9082844,http://www.openstreetmap.org/node/2012935943,loaders.laugh.free,openstreetmap¶n2012935943,AMADIA,35.29%,57e9b2c2f86c4f31a95f20f1bf1f74e3,2015/11/17 09:43:57.838+00,OpenStreetMap,2,hospital,
48.4243074436417,-17.83567085,http://www.openstreetmap.org/way/135999585,gregarious.listen.withdrew,openstreetmap¶w135999585,Alaotra Mangoro,35.29%,3b49c59cbbbe4b0181e36bc34fc13b1c,2015/12/11 10:51:22.924+00,OpenStreetMap,2,hospital,
47.5312052,-18.9112025,http://www.openstreetmap.org/node/2012936121,rewrites.broad.drifters,openstreetmap¶n2012936121,Amadia Annexe,35.29%,b464ef04cf1c4cdbbd0d94eeae34645b,2015/11/17 09:43:57.838+00,OpenStreetMap,2,hospital,
47.5172775,-18.9087993,http://www.openstreetmap.org/node/616734902,twists.rosette.calculate,openstreetmap¶n616734902,Angeline Medical Institute,35.29%,a127c85ed2714436b938a6f79aa7188a,2015/11/17 09:43:57.838+00,OpenStreetMap,2,hospital,
48.5398400591639,-15.2553906,http://www.openstreetmap.org/way/183206349,install.duties.loaded,openstreetmap¶w183206349,Befandriana Nord,35.29%,20f3145393ce433cb6d4cab9e4f74bbe,2015/12/11 10:51:22.924+00,OpenStreetMap,2,hospital,
47.0847588,-21.4496069,http://www.openstreetmap.org/node/3689722151,destroyer.warp.fenced,openstreetmap¶n3689722151,CDS,35.29%,d5d423e6942447ccaa7747205b0d74e7,2015/11/17 09:43:57.838+00,OpenStreetMap,2,hospital,
47.1240654,-21.4190855,http://www.openstreetmap.org/node/3997287446,surfacing.jolt.fizzled,OpenStreetMap¶n3997287446,CDS Ambalakilonga,29.41%,53334717591d460babe23875abd5139d,2016/02/09 11:45:35+00,OpenStreetMap,2,hospital,
47.507367,-18.8756194,http://www.openstreetmap.org/node/2688408145,umbrellas.league.restless,openstreetmap¶n2688408145,CDT Anosivavaka,35.29%,876cf553c38d4bfca4972f0eb39ed51f,2015/11/17 09:43:57.838+00,OpenStreetMap,2,clinic,
47.8113555962451,-18.9189277,http://www.openstreetmap.org/way/137083335,enclosed.discounts.playpens,openstreetmap¶w137083335,CHD II Manjakandriana,35.29%,9533680a1e4044d0bfc08e523a015329,2015/12/11 10:51:22.924+00,OpenStreetMap,2,hospital,
48.2356706255413,-18.94733245,http://www.openstreetmap.org/way/136493017,fails.quaking.bonkers,openstreetmap¶w136493017,CHD II Moramanga,35.29%,7499a32b7fa24169a05a4db1bab0533c,2015/12/11 10:51:22.924+00,OpenStreetMap,2,hospital,
45.3181942711411,-24.2203566,http://www.openstreetmap.org/way/209000482,reptiles.dental.racehorses,openstreetmap¶w209000482,CHD de référence de niveau 1 de Bekily,35.29%,562c558b4bfb4cbdbb1eb2f876eaaf71,2015/12/11 10:51:22.924+00,OpenStreetMap,2,hospital,
47.2417066799312,-20.5410037,http://www.openstreetmap.org/way/198819567,crunched.painted.worldwide,OpenStreetMap¶w198819567,CHRR Ambositra,29.41%,0c360e2336114c09ac2cdf7bcb1945eb,2016/02/19 17:19:15+00,OpenStreetMap,2,hospital,
46.9068249443146,-18.95521965,http://www.openstreetmap.org/way/448320753,parmesan.wordy.undertakes,OpenStreetMap¶w448320753,CHRR Itasy,29.41%,fc4d843804914964b470932c60a11392,2016/10/18 13:34:42+00,OpenStreetMap,2,hospital,
47.0859846861124,-21.4445901,http://www.openstreetmap.org/way/363366894,blankets.regulates.protect,openstreetmap¶w363366894,CHU Tambohobe,35.29%,3022eefa227742528750a18cd7414e4b,2015/12/11 10:51:22.924+00,OpenStreetMap,2,hospital,
47.5629530251038,-18.89422275,http://www.openstreetmap.org/way/402885230,format.thread.ever,OpenStreetMap¶w402885230,CMA,29.41%,9867eb33b863405086412723bbb9b086,2016/03/10 12:28:35+00,OpenStreetMap,2,hospital,
46.9902239,-21.6280188,http://www.openstreetmap.org/node/4378548748,recruiters.faintest.coquettish,OpenStreetMap¶n4378548748,CSB,29.41%,5216d4686b6046d686cbd2ca804ee1af,2016/09/01 04:58:55+00,OpenStreetMap,2,hospital,
48.9273369504864,-15.04815975,http://www.openstreetmap.org/way/389687714,wheezing.alcoves.expiration,OpenStreetMap¶w389687714,CSB,29.41%,6ac50672694d42db9b17214b392ad31c,2016/01/05 12:19:08+00,OpenStreetMap,2,hospital,
47.5001435084152,-20.21672295,http://www.openstreetmap.org/way/374673629,moreover.shallowness.spluttered,openstreetmap¶w374673629,CSB 2 Miarinavaratra,35.29%,7780b68d2b2545909d85e4407a5991e0,2015/12/11 10:51:22.924+00,OpenStreetMap,2,hospital,
47.3245941735488,-20.4547293,http://www.openstreetmap.org/way/373746788,frostbitten.braves.reducing,openstreetmap¶w373746788,CSB 2 Zanabahona,35.29%,caeaaf5f267b449995270adb0a9527ae,2015/12/11 10:51:22.924+00,OpenStreetMap,2,hospital,
46.8232129,-19.2813934,http://www.openstreetmap.org/node/3448959460,recalled.plagiarism.amassing,openstreetmap¶n3448959460,CSB Andohariana,35.29%,ca0ce210fb04416f9657bc6a5dbfe44a,2015/11/17 09:43:57.838+00,OpenStreetMap,2,hospital,
48.202353,-20.9305241,http://www.openstreetmap.org/node/2678793072,transacted.scrubbers.employers,openstreetmap¶n2678793072,CSB Andranomavo,35.29%,dd24e179fccc4bfda2876f6498910753,2015/11/17 09:43:57.838+00,OpenStreetMap,2,hospital,
47.3483031,-18.9237165,http://www.openstreetmap.org/node/4075038227,blinked.watchwords.overran,OpenStreetMap¶n4075038227,CSB I Antanimarina,29.41%,2758723121d4418cab7511cc022a846e,2016/03/23 11:15:34+00,OpenStreetMap,2,hospital,
47.7881933985434,-22.4907185,http://www.openstreetmap.org/way/380692015,unfathomably.tangerines.workable,OpenStreetMap¶w380692015,CSB II,29.41%,96b93160dfab422086c204c6fa46c710,2015/12/26 11:59:39+00,OpenStreetMap,2,hospital,
49.2029981,-12.497265,http://www.openstreetmap.org/node/4494506259,smoothie.reworking.enunciating,OpenStreetMap¶n4494506259,CSB II,29.41%,7bb94126d1ed48d4a766740b3e780114,2016/11/11 15:12:06+00,OpenStreetMap,2,hospital,
47.7883459,-22.490695,http://www.openstreetmap.org/way/380692016,nearsighted.resampling.consequently,openstreetmap¶w380692016,CSB II,35.29%,74b5523d68df460ca3be46da75c07863,2015/12/11 10:51:22.924+00,OpenStreetMap,2,hospital,
49.6354479,-14.6075303,http://www.openstreetmap.org/node/3871233228,notified.admire.watcher,OpenStreetMap¶n3871233228,CSB II,29.41%,0344b885f44944f58cd8d312f089d0f4,2015/12/01 18:10:18+00,OpenStreetMap,2,hospital,
47.86591585,-21.38082455,http://www.openstreetmap.org/way/384329418,yearly.blameless.afterglows,OpenStreetMap¶w384329418,CSB II,29.41%,2f6c754063f449c3a49be73ed4313570,2016/10/07 16:30:36+00,OpenStreetMap,2,hospital,
47.0431455196847,-19.875733,http://www.openstreetmap.org/way/289368757,turnstile.resumes.rife,openstreetmap¶w289368757,CSB II Ambalavato,35.29%,bfe868e755e84c288df9360ab17005ea,2015/12/11 10:51:22.924+00,OpenStreetMap,2,hospital,
48.5823473403502,-15.37619545,http://www.openstreetmap.org/way/435462407,particularly.divisions.unassigned,OpenStreetMap¶w435462407,CSB II Ambodimotso-Sud,29.41%,fc9f36c2d4b4478c9b036ef02116d630,2016/08/03 12:57:41+00,OpenStreetMap,2,hospital,
48.5825134497022,-15.37616645,http://www.openstreetmap.org/way/435461666,carpets.macaroons.fastened,OpenStreetMap¶w435461666,CSB II Ambodimotso-Sud,29.41%,6807a89ad4934d7a90ae68b431ac7f73,2016/08/03 12:51:31+00,OpenStreetMap,2,hospital,
48.5824848007595,-15.37641225,http://www.openstreetmap.org/way/435463381,persevering.inlay.headsets,OpenStreetMap¶w435463381,CSB II Ambodimotso-Sud,29.41%,db635ca7fbaf489693d7076d699da07d,2016/08/03 13:01:35+00,OpenStreetMap,2,hospital,
48.5824454771065,-15.37627055,http://www.openstreetmap.org/way/435463011,clergy.clobbering.extenuating,OpenStreetMap¶w435463011,CSB II Ambodimotso-Sud,29.41%,db8dcf4dfb974f2e915340c18e9202cb,2016/08/03 12:58:29+00,OpenStreetMap,2,hospital,
48.5823558445498,-15.3761501,http://www.openstreetmap.org/way/435462255,piously.ventilating.impresses,OpenStreetMap¶w435462255,CSB II Ambodimotso-Sud,29.41%,e6267378999b4dbdaa0c0e3dd2dacfc6,2016/08/03 12:56:56+00,OpenStreetMap,2,hospital,
48.2278118659971,-18.9161541,http://www.openstreetmap.org/way/457620681,reduce.contested.repealing,OpenStreetMap¶w457620681,CSB II Ambohibary,29.41%,7b7797d8a3514ea6b97e1f9ae0a88407,2016/12/04 07:33:04+00,OpenStreetMap,2,clinic,
47.5436865,-19.032117,http://www.openstreetmap.org/node/2760806448,plunge.heartless.evidently,openstreetmap¶n2760806448,CSB II Anjomakely,35.29%,5337865ee9dd433a95cadb2a2261d824,2015/11/17 09:43:57.838+00,OpenStreetMap,2,hospital,
49.9727243,-13.9759215,http://www.openstreetmap.org/node/4340950549,reinsurance.sticks.dogged,OpenStreetMap¶n4340950549,CSB II Antsirabe Nord,29.41%,85164f065911402eaab9836c66215846,2016/08/08 11:30:36+00,OpenStreetMap,2,hospital,
47.8682416939272,-22.3863971,http://www.openstreetmap.org/way/364909916,telephoning.atop.readying,openstreetmap¶w364909916,CSB II Ivato,35.29%,a5f42fd685a64d6482fbdfc112776316,2015/12/11 10:51:22.924+00,OpenStreetMap,2,hospital,
47.844734,-22.3002301,http://www.openstreetmap.org/way/362712670,uncompleted.rocket.glitziest,openstreetmap¶w362712670,CSB II Nato,35.29%,f3917dda9050412f98fb92473ebbc03c,2015/12/11 10:51:22.924+00,OpenStreetMap,2,hospital,
46.8917870836044,-25.007138,http://www.openstreetmap.org/way/223923275,keychain.took.welcomes,OpenStreetMap¶w223923275,CSB II Soanierana,29.41%,729a44a3f98c4344945bf1c32e207e06,2016/08/04 13:36:15+00,OpenStreetMap,2,hospital,
47.3322986881212,-20.4209495,http://www.openstreetmap.org/way/372702231,flushing.pursuing.healthiest,openstreetmap¶w372702231,CSB Imito,35.29%,cf153dd68bdf4fdfa1ca1dbb25a04719,2015/12/11 10:51:22.924+00,OpenStreetMap,2,hospital,
46.2917557653806,-19.58019895,http://www.openstreetmap.org/way/185849165,mindless.tolerably.blamed,openstreetmap¶w185849165,CSB Mandoto,35.29%,3045ebed281a4f9592b20d7ba2d0cb4a,2015/12/11 10:51:22.924+00,OpenStreetMap,2,hospital,
48.1538426,-20.8533936,http://www.openstreetmap.org/node/2678754253,regressed.inspirations.shaver,openstreetmap¶n2678754253,CSB Marofototra,35.29%,a9063aa4a3694341aa994bbfc481dd45,2015/11/17 09:43:57.838+00,OpenStreetMap,2,hospital,
48.2266216,-21.1850878,http://www.openstreetmap.org/node/2678660841,lollipops.refuting.editorials,openstreetmap¶n2678660841,CSB Tsiatosika,35.29%,112644a9c990452eaba42ed2077d3370,2015/11/17 09:43:57.838+00,OpenStreetMap,2,hospital,
49.9476211019572,-13.8587858,http://www.openstreetmap.org/way/435727164,cryptically.treehouse.identify,OpenStreetMap¶w435727164,CSBII Ampanéféna,29.41%,85778f7b786c45aeb2cd767d78f4aba1,2016/08/05 00:35:43+00,OpenStreetMap,2,hospital,
48.9817345166667,-18.7361789,http://www.openstreetmap.org/way/305968970,introverted.severally.cartoonist,openstreetmap¶w305968970,CSBII Anivorano Est,35.29%,f3faed0aa15f421093dd263cbae86e51,2015/12/11 10:51:22.924+00,OpenStreetMap,2,clinic,
49.2967565694204,-12.26897465,http://www.openstreetmap.org/way/200503090,slithers.resonating.extending,openstreetmap¶w200503090,Centre Hospitalier Universitaire,35.29%,4703beaa390943a8a0bfd06379f3a23e,2015/12/11 10:51:22.924+00,OpenStreetMap,2,hospital,
47.4209776,-18.7954432,http://www.openstreetmap.org/node/4368983295,trawls.doing.noncitizens,OpenStreetMap¶n4368983295,Centre Hospitalier Universitaire Anosiala,29.41%,f01588717c9441f183de013b7995d676,2016/11/16 18:55:29+00,OpenStreetMap,2,hospital,
49.4171914176144,-18.14240185,http://www.openstreetmap.org/way/53578987,presumes.notice.items,openstreetmap¶w53578987,Centre Hospitalier Universitaire de Toamasina,35.29%,5cb6c11083ff462780afff61ee3e2f2e,2015/12/11 10:51:22.924+00,OpenStreetMap,2,hospital,
50.132998,-14.2652104,http://www.openstreetmap.org/node/4276047051,unscrew.gobblers.shiny,OpenStreetMap¶n4276047051,Centre Hospitalier de Référence Régional Sava,29.41%,ff6f107970594e3aa6ece3d288d43991,2016/07/01 16:19:01+00,OpenStreetMap,2,hospital,
46.0486297407493,-18.7732279,http://www.openstreetmap.org/way/191078014,mistreat.parentless.auditions,openstreetmap¶w191078014,Centre Hospitalier de Référence Régional de Bongolava,35.29%,faf82f6a9ca1472590f3aa8b07768697,2015/12/11 10:51:22.924+00,OpenStreetMap,2,hospital,
47.5429754783094,-18.8974308,http://www.openstreetmap.org/way/45980156,snowy.special.showcase,openstreetmap¶w45980156,Centre Hospitalier de Soavinandriana,35.29%,493681a20c8e45eaa3f51ba353675f0c,2015/12/11 10:51:22.924+00,OpenStreetMap,2,hospital,
47.7779959,-21.355927,http://www.openstreetmap.org/node/2363307374,spirited.motifs.genius,openstreetmap¶n2363307374,Centre de Santé de Base II Antaretra,35.29%,6acbee59e1b441288b98d5ce1ffe5b26,2015/11/17 09:43:57.838+00,OpenStreetMap,2,hospital,
47.5224408,-18.9191864,http://www.openstreetmap.org/node/739234476,hook.shipyards.assets,openstreetmap¶n739234476,Centre de Stomatologie de Befelatanana,35.29%,7f8ddfb12593486abc26eaca1b0515db,2015/11/17 09:43:57.838+00,OpenStreetMap,2,hospital,
49.1540506,-18.8419433,http://www.openstreetmap.org/node/3652329106,reviewer.undermines.maintaining,openstreetmap¶n3652329106,Centre de santé Ambila Lemaitso,35.29%,627b4f9a0d7e40cdaee78e7d6de43946,2015/11/17 09:43:57.838+00,OpenStreetMap,2,hospital,
48.8828654,-19.4361369,http://www.openstreetmap.org/node/3865107708,pitiful.vetoed.exciting,OpenStreetMap¶n3865107708,Centre du Sante de Base II Tsarasambo,29.41%,d72f1c17e3864637a41fb2513967106d,2015/11/28 14:38:42+00,OpenStreetMap,2,hospital,
47.9846246887211,-14.8803679,http://www.openstreetmap.org/way/246138550,enthralling.shyly.crop,openstreetmap¶w246138550,Clinic,35.29%,26d7c892b2e84171ac2d688a4bc3c25b,2015/12/11 10:51:22.924+00,OpenStreetMap,2,hospital,
47.5335127,-18.9041954,http://www.openstreetmap.org/node/4045194047,removable.boards.included,OpenStreetMap¶n4045194047,Clinique Appolon,29.41%,93dce1b1321f465089ac6d9d03b5085b,2016/03/07 05:44:22+00,OpenStreetMap,2,clinic,
46.3715603,-15.712718,http://www.openstreetmap.org/node/2514364990,tinny.regionals.mindless,openstreetmap¶n2514364990,Clinique Luthérienne,35.29%,2d9a095e611a44d98307a8e021ba7f7b,2015/11/17 09:43:57.838+00,OpenStreetMap,2,hospital,
47.5418958,-18.9171467,http://www.openstreetmap.org/node/687251249,factories.mastering.alien,openstreetmap¶n687251249,Clinique Mpitsabo Mikambana 24/24,35.29%,a42e8a6aa8f24e31bddc758109e63364,2015/11/17 09:43:57.838+00,OpenStreetMap,2,hospital,
47.5451994,-18.9225383,http://www.openstreetmap.org/node/668469258,shatters.solutions.tinned,openstreetmap¶n668469258,Clinique Saint-Paul Ambatoroka,35.29%,c91d3ecfcc0b4665880f86cc64724edb,2015/11/17 09:43:57.838+00,OpenStreetMap,2,hospital,
47.0297557,-19.8634971,http://www.openstreetmap.org/node/2022545820,rejects.meal.segmented,openstreetmap¶n2022545820,Clinique Santé Plus,35.29%,4c8469702a2248cf99ace6c70d7aa908,2015/11/17 09:43:57.838+00,OpenStreetMap,2,hospital,
47.5274176,-18.8962428,http://www.openstreetmap.org/node/577132563,searches.paramedic.bucks,openstreetmap¶n577132563,Clinique des sœurs Ankadifotsy,35.29%,97e9616ebcdc477dabfb88e9646d5b6f,2015/11/17 09:43:57.838+00,OpenStreetMap,2,hospital,
47.4761818329882,-18.8510514,http://www.openstreetmap.org/way/46330981,fractions.lightbulb.birthdays,openstreetmap¶w46330981,Cliniques privées de l'Eglise Luthérienne d'Ambohibao,35.29%,55a38850f7cb481bbbba51f3071182a8,2015/12/11 10:51:22.924+00,OpenStreetMap,2,hospital,
47.3285816,-14.8355601,http://www.openstreetmap.org/node/4360144272,achieves.numerals.jammy,OpenStreetMap¶n4360144272,Dispensaire,29.41%,d72478f5980d4381a8d47855f0a05459,2016/08/21 13:48:05+00,OpenStreetMap,2,hospital,
48.3476364,-21.2343005,http://www.openstreetmap.org/node/3031051165,consecutive.initiations.chainsaw,openstreetmap¶n3031051165,Dispensaire - CSB II Mananjary,35.29%,4b280ab7ac1d4ba59019df454ddda7df,2015/11/17 09:43:57.838+00,OpenStreetMap,2,clinic,
48.5934279,-17.4289395,http://www.openstreetmap.org/node/1539776837,trendiness.journalists.lasses,openstreetmap¶n1539776837,Dispensaire Catholique Imerimandroso,35.29%,9cd9de7d36f34dcc900030d5873cf660,2015/11/17 09:43:57.838+00,OpenStreetMap,2,hospital,
47.5318757727234,-18.91362345,http://www.openstreetmap.org/way/206329817,really.pastime.tightest,openstreetmap¶w206329817,Dispensaire Havozo,35.29%,56c0840a6a784f4e82e8fd1fad7ee8ee,2015/12/11 10:51:22.924+00,OpenStreetMap,2,hospital,
47.9896638,-14.8847605,http://www.openstreetmap.org/node/2539355729,inculcating.pylon.forts,openstreetmap¶n2539355729,Dispensaire SAF,35.29%,981864c671e745e9b3ddb0d87a693737,2015/11/17 09:43:57.838+00,OpenStreetMap,2,hospital,
49.8509648,-17.001741,http://www.openstreetmap.org/node/678832015,festivities.heyday.changeless,openstreetmap¶n678832015,Dispensaire des Sœurs Filles de Marie,35.29%,5831e891d07b47e592b21481f5af0d1e,2015/11/17 09:43:57.838+00,OpenStreetMap,2,hospital,
43.6775152,-23.3625834,http://www.openstreetmap.org/node/1591588325,tiny.surpasses.washable,openstreetmap¶n1591588325,Don Bosco Centre de Santé,35.29%,b7b9ab1f9bb448cd809a75bf7fec2235,2015/11/17 09:43:57.838+00,OpenStreetMap,2,hospital,
47.0861926,-21.454857,http://www.openstreetmap.org/node/3734714725,recline.innocence.effort,openstreetmap¶n3734714725,Funhece,35.29%,53c81502574e4d7eaf55c50520c16c27,2015/11/17 09:43:57.838+00,OpenStreetMap,2,clinic,
47.6245675,-21.3059159,http://www.openstreetmap.org/node/2983207871,unbolt.silverback.crackled,openstreetmap¶n2983207871,Government Hospital - Ifanadiana,35.29%,b9601114dafe432a94521070e3cc0015,2015/11/17 09:43:57.838+00,OpenStreetMap,2,hospital,
47.6245863,-21.3060889,http://www.openstreetmap.org/node/3038882971,logo.middleclass.indifferent,openstreetmap¶n3038882971,Government Hospital - Ifanadiana,35.29%,1f38e752515c4291ab4005eb2b62fb7e,2015/11/17 09:43:57.838+00,OpenStreetMap,2,hospital,
46.866651,-18.8736391,http://www.openstreetmap.org/node/2725027419,bigwig.spores.cool,openstreetmap¶n2725027419,Hopital Ambatomanjaka,35.29%,c95705bfae3442b8bea9be2f90355e4f,2015/11/17 09:43:57.838+00,OpenStreetMap,2,hospital,
47.4864211993603,-18.855537,http://www.openstreetmap.org/way/46339571,premiums.pixel.cemented,openstreetmap¶w46339571,Hopital Ambohidroa,35.29%,983c9b3d0fc34c27ba6349b1e963ba37,2015/12/11 10:51:22.924+00,OpenStreetMap,2,hospital,
49.0722167,-18.8181104,http://www.openstreetmap.org/node/3652399990,cute.invalidated.slimmer,openstreetmap¶n3652399990,Hopital CSB II Brickaville,35.29%,12692e7846284ecb81d70b79756f0d1a,2015/11/17 09:43:57.838+00,OpenStreetMap,2,hospital,
47.1807603,-19.0113928,http://www.openstreetmap.org/node/3943966885,napkins.vent.disbelief,OpenStreetMap¶n3943966885,Hopital Communal,29.41%,bd9aaac5ff66406fa4ce8951b6e6c73f,2016/01/13 14:11:49+00,OpenStreetMap,2,hospital,
47.4664212,-18.9227221,http://www.openstreetmap.org/node/838739032,laugh.grownup.tolerates,openstreetmap¶n838739032,Hopital Itaosy,35.29%,e15215cefc9740f39884f808cbcf4a36,2015/11/17 09:43:57.838+00,OpenStreetMap,2,hospital,
47.435237000543,-18.9369656,http://www.openstreetmap.org/way/70246948,uplifting.tops.rocket,openstreetmap¶w70246948,Hopital de Fenoarivo,35.29%,69a7d18d9b9a4c04905dc42fcb595099,2015/12/11 10:51:22.924+00,OpenStreetMap,2,hospital,
47.4216182224972,-18.7979179,http://www.openstreetmap.org/way/48625958,incursions.interred.loudness,openstreetmap¶w48625958,Hopital psychiatrique Anjanamasinaa,35.29%,29fff7daf02748288832c70e95134368,2015/12/11 10:51:22.924+00,OpenStreetMap,2,hospital,
48.8375525,-19.550987,http://www.openstreetmap.org/node/3855461390,sediment.bowties.shirk,OpenStreetMap¶n3855461390,Hopitaly,29.41%,db3a8c40e14742d8bf7e8e311d3eca19,2015/11/23 22:41:32+00,OpenStreetMap,2,hospital,
43.6755217,-23.3526459,http://www.openstreetmap.org/node/1346035208,enter.teach.kidney,openstreetmap¶n1346035208,Hopitaly Be - Centre hospilier de référence de tuléar,35.29%,04b222f8a84d487fa447b723fcf61f49,2015/11/17 09:43:57.838+00,OpenStreetMap,2,hospital,
47.0962568,-21.7681182,http://www.openstreetmap.org/node/3977974299,spotless.marzipan.volume,OpenStreetMap¶n3977974299,Hopitaly Mahaditra,29.41%,d8184fc6b8114d49b4e0268c2d86d297,2016/01/30 14:23:29+00,OpenStreetMap,2,hospital,
50.1743772,-14.2717155,http://www.openstreetmap.org/node/1925850583,immune.label.tones,openstreetmap¶n1925850583,Hopitaly Salf,35.29%,a55f44f6703d4b6abd778d031aab14bc,2015/11/17 09:43:57.838+00,OpenStreetMap,2,hospital,
47.5434822,-18.9304218,http://www.openstreetmap.org/node/721751405,jeeps.unopposed.likely,openstreetmap¶n721751405,Hoptital d'Ambohimiandra,35.29%,f9595df405884f1396806ccc82758042,2015/11/17 09:43:57.838+00,OpenStreetMap,2,hospital,
48.2643336418888,-13.40067315,http://www.openstreetmap.org/way/192637580,strength.nightlife.groomed,openstreetmap¶w192637580,Hospital Be,35.29%,d6c656eb5d604e82ba69e9d3880283ac,2015/12/11 10:51:22.924+00,OpenStreetMap,2,hospital,
48.9334740241383,-19.4248326,http://www.openstreetmap.org/way/379970057,rooftops.confusingly.spicing,openstreetmap¶w379970057,Hospital Infirmary,35.29%,cbd3aecc149b41d785bb164315037f01,2015/12/11 10:51:22.924+00,OpenStreetMap,2,hospital,
46.9814990364093,-25.02308415,http://www.openstreetmap.org/way/230481189,dividers.tweezers.events,openstreetmap¶w230481189,Hospital Philbert Tsiranana,35.29%,5b4d12221a3843259886777a1b53ef6c,2015/12/11 10:51:22.924+00,OpenStreetMap,2,hospital,
49.2960087,-12.2693135,http://www.openstreetmap.org/node/1029518505,vestibule.watchdog.mirroring,openstreetmap¶n1029518505,Hostital Be,35.29%,33f59638bd2c4d6e806bc41f063f1d5c,2015/11/17 09:43:57.838+00,OpenStreetMap,2,hospital,
47.9842676451561,-14.8740356,http://www.openstreetmap.org/way/245987956,hacking.jaunts.advancing,openstreetmap¶w245987956,Hôpital Antsohihy,35.29%,52c9ff4f6dd54fbea359e3249d66ec9e,2015/12/11 10:51:22.924+00,OpenStreetMap,2,hospital,
47.5233006,-18.9210995,http://www.openstreetmap.org/node/577021765,ticked.readily.birthdays,openstreetmap¶n577021765,Hôpital Général de Befelatanana,35.29%,ae52fdf7429e4ed5a41b36067ffa1435,2015/11/17 09:43:57.838+00,OpenStreetMap,2,hospital,
47.5179373541536,-18.9208204,http://www.openstreetmap.org/way/47471585,aimlessly.lung.piano,openstreetmap¶w47471585,Hôpital Joseph Ravoahangy-Andrianavalona,35.29%,c32b54a8b031475094aec4415204219d,2015/12/11 10:51:22.924+00,OpenStreetMap,2,hospital,
46.3178309416237,-15.71534205,http://www.openstreetmap.org/way/230681036,hologram.tarred.buck,openstreetmap¶w230681036,Hôpital Mahabibo,35.29%,3a0b5bb6d13743a29cb282c69f085dbc,2015/12/11 10:51:22.924+00,OpenStreetMap,2,hospital,
49.2936374,-12.2851829,http://www.openstreetmap.org/node/2422015077,blends.sampler.breakers,openstreetmap¶n2422015077,Hôpital Manarapenitra,35.29%,7aa153cb05a242d88927e9bc07052ba2,2015/11/17 09:43:57.838+00,OpenStreetMap,2,hospital,
47.490671,-18.8899718,http://www.openstreetmap.org/node/3136585436,confirms.respected.rattled,OpenStreetMap¶n3136585436,Hôpital Manarapenitra,29.41%,62190e8c596c4a60ab2b888d4c595f20,2016/04/29 14:50:16+00,OpenStreetMap,2,hospital,
46.9444151030496,-25.0259779,http://www.openstreetmap.org/way/232709139,diets.snowshoes.courageous,openstreetmap¶w232709139,Hôpital Privé Rio Tinto,35.29%,99f7c0adc52842beb1a35c96965d34f6,2015/12/11 10:51:22.924+00,OpenStreetMap,2,hospital,
47.1099383,-21.4618694,http://www.openstreetmap.org/node/3713925175,helpers.fakes.lightens,openstreetmap¶n3713925175,Hôpital Universitaire Andrainjato,35.29%,56735a759dc341c79f859cdba12a5aa4,2015/11/17 09:43:57.838+00,OpenStreetMap,2,hospital,
49.419984,-17.3820865,http://www.openstreetmap.org/node/671507412,realities.justify.wavelengths,openstreetmap¶n671507412,Hôpital de Fénérive-Est,35.29%,bca5ce7387fb41ec8899ae17f42a57a2,2015/11/17 09:43:57.838+00,OpenStreetMap,2,hospital,
47.5231570538467,-18.906724,http://www.openstreetmap.org/way/266763590,vowel.cool.amplified,openstreetmap¶w266763590,Hôpital des Enfants,35.29%,d8622e3a65674a838128542aafbc8e68,2015/12/11 10:51:22.924+00,OpenStreetMap,2,hospital,
47.5073313163969,-18.9078125,http://www.openstreetmap.org/way/70253166,strongly.unzipped.blemishes,openstreetmap¶w70253166,Hôpital luthérien des 67ha,35.29%,e570c5a8a2a2452ea3c0f5345ccf759e,2015/12/11 10:51:22.924+00,OpenStreetMap,2,hospital,
47.5463021,-18.9025322,http://www.openstreetmap.org/node/4168727989,fumes.snappy.crossings,OpenStreetMap¶n4168727989,Institut Pasteur de Madagascar,29.41%,9913ad6482384250933d456c219420cd,2016/11/12 05:55:24+00,OpenStreetMap,2,hospital,
49.7416858,-15.4288547,http://www.openstreetmap.org/node/2826176233,shapes.balancing.fragment,openstreetmap¶n2826176233,Isalama Maroantsetra,35.29%,265a96f410bc42af8b0b370356ba1823,2015/11/17 09:43:57.838+00,OpenStreetMap,2,hospital,
46.3097263,-15.706598,http://www.openstreetmap.org/node/2432287507,clerics.builds.circus,openstreetmap¶n2432287507,Manarapenitra,35.29%,5c0bb63d37c64f2596fbe9df6fc28aa3,2015/11/17 09:43:57.838+00,OpenStreetMap,2,hospital,
47.8331343,-19.010847,http://www.openstreetmap.org/node/4370840862,diets.influxes.dollhouses,OpenStreetMap¶n4370840862,Mantasoa Hospital,29.41%,eb88f333c9c54434b7023fbe1115f571,2016/08/28 16:01:58+00,OpenStreetMap,2,hospital,
48.979581,-18.7347946,http://www.openstreetmap.org/node/3106966732,hustling.haggle.downstream,openstreetmap¶n3106966732,Masera,35.29%,81296fbc204641858948cfdf8907efe2,2015/11/17 09:43:57.838+00,OpenStreetMap,2,clinic,
48.4250969408156,-17.8361415,http://www.openstreetmap.org/way/135999597,knitting.relax.budgeted,openstreetmap¶w135999597,Maternité,35.29%,c0005372641f480d9774180ac76e0ee7,2015/12/11 10:51:22.924+00,OpenStreetMap,2,hospital,
47.5227784,-18.9193705,http://www.openstreetmap.org/node/577021764,grows.arranger.smiles,openstreetmap¶n577021764,Maternité Befelatanana,35.29%,0b1c641d979a41ba90ff8813afa974bb,2015/11/17 09:43:57.838+00,OpenStreetMap,2,hospital,
47.1824789745565,-24.77949745,http://www.openstreetmap.org/way/232149017,functions.uncorked.stamping,openstreetmap¶w232149017,Medical Centre,35.29%,1262c354646c474ea5d57d3b4093b031,2015/12/11 10:51:22.924+00,OpenStreetMap,2,clinic,
47.5289069,-18.9033016,http://www.openstreetmap.org/node/843454345,glad.revamping.digital,openstreetmap¶n843454345,OSTIE,35.29%,318942c703b74d61a5797447bf53183c,2015/11/17 09:43:57.838+00,OpenStreetMap,2,hospital,
47.5192639477722,-18.9219911,http://www.openstreetmap.org/way/55412338,expanded.president.crops,openstreetmap¶w55412338,OSTIE Anosibe,35.29%,dad88bec3d4e43abbbf20efd66b5f952,2015/12/11 10:51:22.924+00,OpenStreetMap,2,clinic,
47.5071497,-18.8757844,http://www.openstreetmap.org/node/2688408143,meaty.hills.defends,openstreetmap¶n2688408143,OSTIE Anosivavaka,35.29%,aae6eced5acc4fe5bb3104beb461dadb,2015/11/17 09:43:57.838+00,OpenStreetMap,2,hospital,
47.5072518,-18.9050373,http://www.openstreetmap.org/node/4323046220,fidget.grumbling.hesitate,OpenStreetMap¶n4323046220,Pharmacie des 67 Ha,35.29%,d94e3069df3444588061c4ad871e0d61,2016/07/27 10:28:44+00,OpenStreetMap,2,hospital,67 Ha
47.5237447,-18.9006595,http://www.openstreetmap.org/node/577493249,humid.heaven.listen,openstreetmap¶n577493249,Polyclinique d'Ilafy,35.29%,ef0b1e3527ed4fe38085900ee83198df,2015/11/17 09:43:57.838+00,OpenStreetMap,2,hospital,
49.8179547,-14.5071418,http://www.openstreetmap.org/node/3869708353,kidder.internally.tonnages,OpenStreetMap¶n3869708353,Private Adventiste Hospital,29.41%,23575acf10be472dbd3d1bcbc30b6d8c,2015/11/30 19:46:21+00,OpenStreetMap,2,hospital,
47.0932847,-21.451516,http://www.openstreetmap.org/node/3689722153,plodding.embellish.thinking,openstreetmap¶n3689722153,SALFA,35.29%,a5bc4e30b6b94910980ce06dc05e23b7,2015/11/17 09:43:57.838+00,OpenStreetMap,2,hospital,
47.9911278063085,-14.896427,http://www.openstreetmap.org/way/370284532,hobbyist.forehand.meekly,openstreetmap¶w370284532,SOMECHI,35.29%,b13831ae34a843018525df09b9d966fe,2015/12/11 10:51:22.924+00,OpenStreetMap,2,clinic,
48.2347879312359,-18.94816425,http://www.openstreetmap.org/way/136493753,enjoys.soaps.perplexed,openstreetmap¶w136493753,SSD,35.29%,093498ae17e7484bb835a4f499db7a87,2015/12/11 10:51:22.924+00,OpenStreetMap,2,hospital,
45.8711619,-16.008446,http://www.openstreetmap.org/node/666386713,bargain.honing.caseload,openstreetmap¶n666386713,Service de Santé de District Mitsinjo,35.29%,9f34f29f7df940eca3267ce5e65f8d7c,2015/11/17 09:43:57.838+00,OpenStreetMap,2,hospital,
47.5238227278359,-20.22886335,http://www.openstreetmap.org/way/383758016,confections.scares.cringes,openstreetmap¶w383758016,Tobim-pahasalamana Zanakatovo,35.29%,cad2d346f0054a3dabccb32f0ec1cfbb,2015/12/11 10:51:22.924+00,OpenStreetMap,2,clinic,
49.4121197,-17.383231,http://www.openstreetmap.org/node/671507271,september.poet.utensils,openstreetmap¶n671507271,ispensaire Urbain Fénérive Est,35.29%,1434f66a07cf434585a574c8ce400b92,2015/11/17 09:43:57.838+00,OpenStreetMap,2,hospital,
47.5237369,-18.9042497,http://www.openstreetmap.org/node/621444485,attention.snuggle.extend,openstreetmap¶n621444485,Établissement universitaire de soins et de santé publique d'Analakely,35.29%,f46243cc3a1b444fa6e7b129bb61d6f7,2015/11/17 09:43:57.838+00,OpenStreetMap,2,hospital,
